{
  "meta_title": "Nova Web Info",
  "meta_description": "Linha Completa em Hardware, Smartphones, Computadores, Teclados, Eletrônicos e Muito Mais. Ah! Você pode Parcelar em Até 12x no Cartão ou Comprar com Até 15% off à Vista",
  "sections": [
    {
      "type": "banner-slider",
      "autoplay": 9000,
      "full_width": true,
      "slides": [
        {
          "start": "",
          "end": "",
          "img": "/img/uploads/5020222.png"
        },
        {
          "start": "",
          "end": "",
          "img": "/img/uploads/7020315.png"
        },
        {
          "start": "",
          "end": "",
          "img": "/img/uploads/6020258.jpg"
        }
      ]
    },
    {
      "type": "responsive-banner",
      "img": "/img/uploads/1594061711_20200329_manual_banner_tarja.jpg"
    },
    {
      "type": "collection-shelf",
      "shuffle": true,
      "limit": 12,
      "page": 1,
      "sort": "news",
      "title": "Lançamentos"
    }
  ]
}